Name,PageTitle
creating_an_installation_plan,eCommerce/Landscape_Lights/Outdoor_Systems/Start_a_Sketch
creating_an_installation_plan,eCommerce/Landscape_Lights/Outdoor_Systems/Set_the_Transformer_Location
creating_an_installation_plan,eCommerce/Landscape_Lights/Outdoor_Systems/Set_the_Fixture_Locations
creating_an_installation_plan,eCommerce/Landscape_Lights/Outdoor_Systems/Determine_Wire_Run
creating_an_installation_plan,eCommerce/Shared_Content/Content_Reuse/What's_Next
wiring_methods,eCommerce/Landscape_Lights/Outdoor_Systems/Wiring_Methods/Daisy_Chain
wiring_methods,eCommerce/Landscape_Lights/Outdoor_Systems/Wiring_Methods/T-method
wiring_methods,eCommerce/Landscape_Lights/Outdoor_Systems/Wiring_Methods/Hub_Method
wiring_methods,eCommerce/Landscape_Lights/Outdoor_Systems/Wiring_Methods/Combination_Method
wiring_methods,eCommerce/Shared_Content/Content_Reuse/What's_Next
installing_landscape_lights,eCommerce/Landscape_Lights/Outdoor_Systems/Marking
installing_landscape_lights,eCommerce/Landscape_Lights/Outdoor_Systems/Clear_a_Path
installing_landscape_lights,eCommerce/Landscape_Lights/Outdoor_Systems/Create_Trenches
installing_landscape_lights,eCommerce/Landscape_Lights/Outdoor_Systems/Connect_Fixtures
installing_landscape_lights,eCommerce/Landscape_Lights/Outdoor_Systems/Adjustments
installing_landscape_lights,eCommerce/Shared_Content/Content_Reuse/What's_Next
installing_transformers,eCommerce/Landscape_Lights/Outdoor_Systems/Installing_Outdoor_Transformers
installing_transformers,eCommerce/Landscape_Lights/Outdoor_Systems/Install_Terminal_Adapter
installing_transformers,eCommerce/Landscape_Lights/Outdoor_Systems/Drill_Out_Bottom_Hole
installing_transformers,eCommerce/Landscape_Lights/Outdoor_Systems/Measure_PVC
installing_transformers,eCommerce/Landscape_Lights/Outdoor_Systems/Install_Control_Device
installing_transformers,eCommerce/Shared_Content/Content_Reuse/What's_Next
completing_a_return,Retail/Shared_Content/Content_Reuse/Returns_By_Mail
completing_a_return,Retail/Shared_Content/Content_Reuse/In-Store_Returns
completing_a_return,Retail/Your_Order/Our_Policies/Canadian_Returns
password_reset,Utilities/Shared_Content/Content_Reuse/Customer_Account_Lookup
password_reset,Utilities/Shared_Content/Content_Reuse/Password_Generation
password_reset,Utilities/Shared_Content/Content_Reuse/Configure_your_account
how_to_choose_the_right_rewards_card,Banking/Shared_Content/Content_Reuse/What_are_your_rewards_options
how_to_choose_the_right_rewards_card,Banking/Shared_Content/Content_Reuse/What_do_you_spend_your_money_on?
how_to_choose_the_right_rewards_card,Banking/Shared_Content/Content_Reuse/What_fees_come_with_these_rewards?
how_to_choose_the_right_rewards_card,Banking/Shared_Content/Content_Reuse/What_is_the_value_of_your_rewards?
users_and_groups,Software/Site_Administration/Users_And_Groups/User_Types
users_and_groups,Software/Site_Administration/Users_And_Groups/Pro_Member_Roles_and_Permissions
users_and_groups,Software/Shared_Content/Content_Reuse/Next_Steps
data_backed_decisions,Call_Center/Shared_Content/Content_Reuse/Data_Backed_Decisions
data_backed_decisions,Call_Center/Shared_Content/Content_Reuse/Smarter_Analytics
data_backed_decisions,Call_Center/Shared_Content/Content_Reuse/Reporting
data_backed_decisions,Call_Center/Shared_Content/Content_Reuse/What's_Next?
coverage_limits,Insurance/Shared_Content/content_reuse/Dwelling_Limit
coverage_limits,Insurance/Shared_Content/content_reuse/Replacement_Cost
coverage_limits,Insurance/Shared_Content/content_reuse/Why_is_Knowing_the_Replacement_Value_of_Your_House_Important_for_Homeowners_Insurance
healthcare_plans,Health/Shared_Content/Content_Reuse/Pick_a_Plan
healthcare_plans,Health/Shared_Content/Content_Reuse/Performance_Plan_Overview
healthcare_plans,Health/Shared_Content/Content_Reuse/Premier_Plan_Overview
healthcare_plans,Health/Shared_Content/Content_Reuse/Plans_Offered_Through_Covered_California
change_your_reservation,Travel/Shared_Content/Content_Reuse/Find_Your_Trip
change_your_reservation,Travel/Shared_Content/Content_Reuse/Choose_From_the_Toolbar
change_your_reservation,Travel/Shared_Content/Content_Reuse/Check_Your_Email
pto,Human_Resources/Shared_Content/Content_Reuse/Paid_Time_Off
pto,Human_Resources/Shared_Content/Content_Reuse/Holidays
pto,Human_Resources/Shared_Content/Content_Reuse/Paid_Well_Leave
campus_living,Education/University_Resources/Student_Resources/Campus_Life
campus_living,Education/University_Resources/Student_Resources/Undergraduate_Programs
campus_living,Education/University_Resources/Student_Resources/Graduate_Programs
