Name,Title,Summary,Category
creating_an_installation_plan,Creating An Installation Plan,,
wiring_methods,Wiring Methods,,
installing_landscape_lights,Installing Landscape Lights,,
installing_transformers,Installing Transformers,,
completing_a_return,Completing a Return,,
password_reset,Password Reset,,
how_to_choose_the_right_rewards_card,How to Choose the Right Rewards Card,,
users_and_groups,Users and Groups,,
data_backed_decisions,Data-Backed Decisions,,
coverage_limits,Coverage Limits,,
healthcare_plans,Healthcare Plans,,
change_your_reservation,Change Your Reservation,,
pto,Types of PTO,,
campus_living,Campus Living,,
